threshold,precision,recall,f1,accuracy,flagged,flag_rate,tp,fp,fn,tn,model,total_cost_pence,total_cost_gbp
0.01,0.16700542005420055,0.9949545913218971,0.28600435097897026,0.18896210873146624,5904,0.972652388797364,986,4918,5,161,logistic regression,16001136.399999999,160011.36399999997
0.02,0.17071042066678305,0.9868819374369324,0.2910714285714286,0.21515650741350906,5729,0.9438220757825371,978,4751,13,328,logistic regression,15866144.2,158661.44199999998
0.03,0.17509025270758122,0.9788092835519677,0.2970448629612617,0.24365733113673804,5540,0.9126853377265239,970,4570,21,509,logistic regression,15717110.0,157171.1
0.04,0.18245814307458144,0.9677093844601413,0.3070273731391068,0.28682042833607907,5256,0.8658978583196046,959,4297,32,782,logistic regression,15487990.6,154879.906
0.05,0.1935549663471344,0.9576185671039354,0.32202239565659996,0.3416803953871499,4903,0.8077429983525536,949,3954,42,1125,logistic regression,15184597.6,151845.976
0.06,0.20148763946619996,0.929364278506559,0.33117583603020495,0.3871499176276771,4571,0.7530477759472817,921,3650,70,1429,logistic regression,14993466.399999999,149934.664
0.07,0.21376211870418538,0.9122098890010091,0.346360153256705,0.43789126853377264,4229,0.6967051070840198,904,3325,87,1754,logistic regression,14736572.6,147365.726
0.08,0.22657054582904224,0.887991927346115,0.36102564102564105,0.4868204283360791,3884,0.6398682042833608,880,3004,111,2075,logistic regression,14512136.0,145121.36
0.09,0.23744419642857142,0.858728557013118,0.3720218579234973,0.5266886326194399,3584,0.5904448105436574,851,2733,140,2346,logistic regression,14358167.399999999,143581.674
0.1,0.24727602905569007,0.8244197780020182,0.38044237485448196,0.5616144975288303,3304,0.544316309719934,817,2487,174,2592,logistic regression,14249591.799999999,142495.91799999998
0.11,0.257029440952696,0.7840565085771948,0.38714499252615847,0.5947281713344317,3023,0.4980230642504119,777,2246,214,2833,logistic regression,14170412.8,141704.128
0.12,0.27059248554913296,0.7558022199798183,0.3985102420856611,0.6275123558484349,2768,0.45601317957166393,749,2019,242,3060,logistic regression,14056512.6,140565.126
0.13,0.2818396226415094,0.7235116044399597,0.40565770862800565,0.6538714991762767,2544,0.4191103789126853,717,1827,274,3252,logistic regression,13993971.8,139939.718
0.14,0.29327126534066866,0.6992936427850656,0.41323792486583183,0.6757825370675453,2363,0.38929159802306423,693,1670,298,3409,logistic regression,13934027.2,139340.272
0.15,0.30456852791878175,0.6659939455095862,0.41798606713109565,0.6971993410214168,2167,0.357001647446458,660,1507,331,3572,logistic regression,13904637.0,139046.37
0.16,0.31495280675608545,0.6397578203834511,0.422103861517976,0.714003294892916,2013,0.33163097199341024,634,1379,357,3700,logistic regression,13881906.6,138819.066
0.17,0.33043478260869563,0.6135216952573158,0.42953020134228187,0.7339373970345964,1840,0.3031301482701812,608,1232,383,3847,logistic regression,13840119.2,138401.19199999998
0.18,0.33548009367681497,0.5782038345105953,0.4246017043349389,0.744151565074135,1708,0.2813838550247117,573,1135,418,3944,logistic regression,13885054.2,138850.542
0.19,0.34585987261146495,0.5479313824419778,0.42405310425614995,0.757001647446458,1570,0.2586490939044481,543,1027,448,4052,logistic regression,13898638.2,138986.38199999998
0.2,0.35906271536871126,0.5257315842583249,0.4266994266994267,0.7693574958813838,1451,0.23904448105436574,521,930,470,4149,logistic regression,13890746.399999999,138907.46399999998
0.21,0.37333333333333335,0.508577194752775,0.43058521999145666,0.7803953871499176,1350,0.22240527182866557,504,846,487,4233,logistic regression,13875575.6,138755.756
0.22,0.37756714060031593,0.48234106962663975,0.42357111209570225,0.785667215815486,1266,0.2085667215815486,478,788,513,4291,logistic regression,13923055.2,139230.552
0.23,0.38287153652392947,0.4601412714429869,0.41796516956920254,0.7907742998352554,1191,0.19621087314662272,456,735,535,4344,logistic regression,13959295.399999999,139592.954
0.24,0.3895985401459854,0.4308779011099899,0.40919980833732633,0.7968698517298188,1096,0.18056013179571664,427,669,564,4410,logistic regression,14010941.8,140109.418
0.25,0.396871945259042,0.40968718466195764,0.4031777557100298,0.8019769357495882,1023,0.1685337726523888,406,617,585,4462,logistic regression,14044121.399999999,140441.21399999998
0.26,0.4147121535181237,0.39253279515640765,0.4033177812337999,0.8103789126853377,938,0.15453047775947282,389,549,602,4530,logistic regression,14044998.6,140449.986
0.27,0.41818181818181815,0.3713420787083754,0.39337252805986106,0.8130148270181219,880,0.14497528830313014,368,512,623,4567,logistic regression,14093223.2,140932.232
0.28,0.41807228915662653,0.3501513622603431,0.3811092806150467,0.814332784184514,830,0.13673805601317957,347,483,644,4596,logistic regression,14149471.8,141494.718
0.29,0.425997425997426,0.3340060544904137,0.3744343891402715,0.8177924217462933,777,0.12800658978583196,331,446,660,4633,logistic regression,14177378.4,141773.784
0.3,0.43532684283727396,0.3158425832492432,0.36608187134502923,0.8214168039538715,719,0.1184514003294893,313,406,678,4673,logistic regression,14210403.2,142104.032
0.31,0.4396423248882265,0.2976791120080727,0.35499398315282793,0.8233937397034596,671,0.11054365733113673,295,376,696,4703,logistic regression,14253458.0,142534.58
0.32,0.45840130505709625,0.28355196770938446,0.35037406483790523,0.82833607907743,613,0.10098846787479407,281,332,710,4747,logistic regression,14266216.4,142662.164
0.33,0.4654867256637168,0.26538849646821394,0.3380462724935733,0.8303130148270181,565,0.09308072487644152,263,302,728,4777,logistic regression,14309271.2,143092.712
0.34,0.4624277456647399,0.24217961654894046,0.31788079470198677,0.8303130148270181,519,0.08550247116968698,240,279,751,4800,logistic regression,14379665.0,143796.65
0.35,0.4669421487603306,0.22805247225025227,0.3064406779661017,0.8314662273476112,484,0.07973640856672158,226,258,765,4821,logistic regression,14415492.4,144154.924
0.36,0.47276688453159044,0.218970736629667,0.2993103448275862,0.8326194398682043,459,0.0756177924217463,217,242,774,4837,logistic regression,14436016.8,144360.168
0.37,0.48484848484848486,0.20988900100908173,0.29295774647887324,0.8345963756177924,429,0.07067545304777595,208,221,783,4858,logistic regression,14451526.2,144515.262
0.38,0.5037783375314862,0.20181634712411706,0.2881844380403458,0.8372322899505766,397,0.06540362438220758,200,197,791,4882,logistic regression,14459963.0,144599.63
0.39,0.5,0.18869828456104945,0.273992673992674,0.8367380560131795,374,0.06161449752883031,187,187,804,4892,logistic regression,14502759.8,145027.598
0.4,0.49714285714285716,0.17558022199798184,0.2595078299776286,0.8364085667215816,350,0.057660626029654036,174,176,817,4903,logistic regression,14544553.6,145445.536
0.41,0.5044510385756676,0.1715438950554995,0.2560240963855422,0.8372322899505766,337,0.05551894563426689,170,167,821,4912,logistic regression,14551781.0,145517.81
0.42,0.5235109717868338,0.16851664984863773,0.2549618320610687,0.8392092257001648,319,0.05255354200988468,167,152,824,4927,logistic regression,14548926.8,145489.268
0.43,0.5302013422818792,0.15943491422805248,0.2451512800620636,0.8397034596375618,298,0.049093904448105435,158,140,833,4939,logistic regression,14573463.2,145734.63199999998
0.44,0.5316901408450704,0.15237134207870837,0.23686274509803923,0.8397034596375618,284,0.046787479406919276,151,133,840,4946,logistic regression,14594887.4,145948.874
0.45,0.5296296296296297,0.1442986881937437,0.2268041237113402,0.8393739703459637,270,0.044481054365733116,143,127,848,4952,logistic regression,14621378.2,146213.782
0.46,0.541501976284585,0.13824419778002017,0.2202572347266881,0.8401976935749588,253,0.04168039538714992,137,116,854,4963,logistic regression,14634726.8,146347.268
0.47,0.5416666666666666,0.1311806256306761,0.21121039805036557,0.8400329489291598,240,0.039538714991762765,130,110,861,4969,logistic regression,14657154.0,146571.54
0.48,0.5330396475770925,0.12209889001009082,0.1986863711001642,0.8392092257001648,227,0.03739703459637562,121,106,870,4973,logistic regression,14689714.4,146897.144
0.49,0.5446009389671361,0.1170534813319879,0.19269102990033224,0.8398682042833608,213,0.03509060955518946,116,97,875,4982,logistic regression,14701005.4,147010.054
0.5,0.5441176470588235,0.11200807265388496,0.18577405857740587,0.8397034596375618,204,0.03360790774299835,111,93,880,4986,logistic regression,14717311.4,147173.114
0.51,0.5510204081632653,0.10898082744702321,0.18197135636057288,0.8400329489291598,196,0.03228995057660626,108,88,883,4991,logistic regression,14724487.2,147244.872
0.52,0.5508021390374331,0.10393541876892028,0.17487266553480477,0.8398682042833608,187,0.030807248764415155,103,84,888,4995,logistic regression,14740793.2,147407.932
0.53,0.5555555555555556,0.10090817356205853,0.1707941929974381,0.8400329489291598,180,0.029654036243822075,100,80,891,4999,logistic regression,14748972.0,147489.72
0.54,0.5517241379310345,0.09687184661957618,0.1648068669527897,0.8397034596375618,174,0.028665568369028005,96,78,895,5001,logistic regression,14763220.4,147632.204
0.55,0.5515151515151515,0.09182643794147326,0.157439446366782,0.8395387149917628,165,0.027182866556836903,91,74,900,5005,logistic regression,14779526.4,147795.264
0.56,0.5584415584415584,0.08678102926337034,0.15021834061135372,0.8397034596375618,154,0.025370675453047775,86,68,905,5011,logistic regression,14793826.4,147938.264
0.57,0.5594405594405595,0.08072653884964683,0.14109347442680775,0.8395387149917628,143,0.023558484349258647,80,63,911,5016,logistic regression,14813193.0,148131.93
0.58,0.5539568345323741,0.07769929364278506,0.13628318584070798,0.8392092257001648,139,0.022899505766062603,77,62,914,5017,logistic regression,14824380.8,148243.80800000002
0.59,0.5671641791044776,0.07669021190716448,0.1351111111111111,0.8397034596375618,134,0.022075782537067545,76,58,915,5021,logistic regression,14824432.4,148244.324
0.6,0.5538461538461539,0.07265388496468214,0.12845673505798394,0.8390444810543657,130,0.0214168039538715,72,58,919,5021,logistic regression,14840686.8,148406.86800000002
0.61,0.5691056910569106,0.07063572149344097,0.12567324955116696,0.8395387149917628,123,0.020263591433278418,70,53,921,5026,logistic regression,14843799.0,148437.99
0.62,0.575,0.06962663975782038,0.12421242124212421,0.8397034596375618,120,0.019769357495881382,69,51,922,5028,logistic regression,14845856.6,148458.566
0.63,0.5701754385964912,0.06559031281533804,0.11764705882352941,0.8393739703459637,114,0.018780889621087316,65,49,926,5030,logistic regression,14860105.0,148601.05
0.64,0.5607476635514018,0.060544904137235116,0.1092896174863388,0.8388797364085667,107,0.017627677100494232,60,47,931,5032,logistic regression,14878417.0,148784.17
0.65,0.5566037735849056,0.05953582240161453,0.10756608933454877,0.8387149917627678,106,0.017462932454695223,59,47,932,5032,logistic regression,14882480.6,148824.80599999998
0.66,0.5544554455445545,0.056508577194752774,0.10256410256410256,0.8385502471169687,101,0.016639209225700165,56,45,935,5034,logistic regression,14892665.4,148926.654
0.67,0.5416666666666666,0.05247225025227043,0.09567617295308188,0.8380560131795717,96,0.015815485996705108,52,44,939,5035,logistic regression,14907916.8,149079.168
0.68,0.5425531914893617,0.05146316851664985,0.09400921658986175,0.8380560131795717,94,0.015485996705107084,51,43,940,5036,logistic regression,14910977.4,149109.774
0.69,0.5333333333333333,0.04843592330978809,0.08880666049953746,0.8377265238879736,90,0.014827018121911038,48,42,943,5037,logistic regression,14922165.2,149221.652
0.7,0.5402298850574713,0.04742684157416751,0.08719851576994433,0.8378912685337726,87,0.014332784184514002,47,40,944,5039,logistic regression,14924222.8,149242.228
0.71,0.5609756097560976,0.04641775983854692,0.08574091332712022,0.8383855024711697,82,0.013509060955518945,46,36,945,5043,logistic regression,14924274.4,149242.744
0.72,0.575,0.04641775983854692,0.08590102707749767,0.8387149917627678,80,0.013179571663920923,46,34,945,5045,logistic regression,14922268.4,149222.684
0.73,0.6,0.045408678102926335,0.08442776735459662,0.8392092257001648,75,0.012355848434925865,45,30,946,5049,logistic regression,14922320.0,149223.2
0.74,0.6027397260273972,0.044399596367305755,0.08270676691729323,0.8392092257001648,73,0.012026359143327841,44,29,947,5050,logistic regression,14925380.6,149253.80599999998
0.75,0.5857142857142857,0.04137235116044399,0.07728557964184732,0.8387149917627678,70,0.011532125205930808,41,29,950,5050,logistic regression,14937571.4,149375.714
0.76,0.582089552238806,0.039354187689202826,0.07372400756143667,0.8385502471169687,67,0.011037891268533773,39,28,952,5051,logistic regression,14944695.6,149446.956
0.77,0.576271186440678,0.034308779011099896,0.06476190476190476,0.8382207578253706,59,0.00971993410214168,34,25,957,5054,logistic regression,14962004.6,149620.046
0.78,0.5714285714285714,0.03229061553985873,0.061127029608404965,0.8380560131795717,56,0.009225700164744647,32,24,959,5055,logistic regression,14969128.8,149691.288
0.79,0.5686274509803921,0.029263370332996974,0.05566218809980806,0.8378912685337726,51,0.008401976935749587,29,22,962,5057,logistic regression,14979313.6,149793.136
0.8,0.5416666666666666,0.026236125126135216,0.05004812319538017,0.8373970345963756,48,0.007907742998352554,26,22,965,5057,logistic regression,14991504.4,149915.044
0.81,0.5111111111111111,0.02320887991927346,0.0444015444015444,0.8369028006589786,45,0.007413509060955519,23,22,968,5057,logistic regression,15003695.2,150036.952
0.82,0.5384615384615384,0.02119071644803229,0.040776699029126215,0.8372322899505766,39,0.006425041186161449,21,18,970,5061,logistic regression,15007810.4,150078.104
0.83,0.5135135135135135,0.01917255297679112,0.03696498054474708,0.8369028006589786,37,0.006095551894563427,19,18,972,5061,logistic regression,15015937.6,150159.376
0.84,0.5714285714285714,0.016145307769929364,0.03140333660451423,0.8373970345963756,28,0.004612850082372323,16,12,975,5067,logistic regression,15022110.4,150221.104
0.85,0.5833333333333334,0.014127144298688193,0.027586206896551724,0.8373970345963756,24,0.003953871499176277,14,10,977,5069,logistic regression,15028231.6,150282.316
0.86,0.65,0.013118062563067608,0.025717111770524232,0.8377265238879736,20,0.0032948929159802307,13,7,978,5072,logistic regression,15029286.2,150292.862
0.87,0.5882352941176471,0.010090817356205853,0.01984126984126984,0.8372322899505766,17,0.002800658978583196,10,7,981,5072,logistic regression,15041477.0,150414.77
0.88,0.6,0.009081735620585268,0.017892644135188866,0.8372322899505766,15,0.002471169686985173,9,6,982,5073,logistic regression,15044537.6,150445.376
0.89,0.5714285714285714,0.008072653884964682,0.015920398009950248,0.8370675453047776,14,0.0023064250411861617,8,6,983,5073,logistic regression,15048601.2,150486.012
0.9,0.5454545454545454,0.006054490413723511,0.011976047904191617,0.8369028006589786,11,0.001812191103789127,6,5,985,5074,logistic regression,15055725.4,150557.25400000002
0.91,0.5555555555555556,0.005045408678102927,0.01,0.8369028006589786,9,0.0014827018121911038,5,4,986,5075,logistic regression,15058786.0,150587.86
0.92,0.5555555555555556,0.005045408678102927,0.01,0.8369028006589786,9,0.0014827018121911038,5,4,986,5075,logistic regression,15058786.0,150587.86
0.93,0.8,0.004036326942482341,0.008032128514056224,0.8372322899505766,5,0.0008237232289950577,4,1,987,5078,logistic regression,15059840.6,150598.406
0.94,1.0,0.004036326942482341,0.008040201005025126,0.8373970345963756,4,0.0006589785831960461,4,0,987,5079,logistic regression,15058837.6,150588.376
0.95,1.0,0.004036326942482341,0.008040201005025126,0.8373970345963756,4,0.0006589785831960461,4,0,987,5079,logistic regression,15058837.6,150588.376
0.96,1.0,0.0030272452068617556,0.006036217303822937,0.8372322899505766,3,0.0004942339373970346,3,0,988,5079,logistic regression,15062901.2,150629.012
0.97,1.0,0.0010090817356205853,0.0020161290322580645,0.8369028006589786,1,0.00016474464579901152,1,0,990,5079,logistic regression,15071028.4,150710.284
0.98,0.0,0.0,0.0,0.8367380560131795,0,0.0,0,0,991,5079,logistic regression,15075092.0,150750.92
0.99,0.0,0.0,0.0,0.8367380560131795,0,0.0,0,0,991,5079,logistic regression,15075092.0,150750.92
0.01,0.17488305145735877,0.9808274470232089,0.2968392120934494,0.2413509060955519,5558,0.9156507413509061,972,4586,19,493,lightgbm (cpu),15725030.799999999,157250.308
0.02,0.18800712448050663,0.958627648839556,0.314361350099272,0.31729818780889624,5053,0.8324546952224052,950,4103,41,976,lightgbm (cpu),15329981.0,153299.81
0.03,0.20122350884859078,0.929364278506559,0.3308189655172414,0.386161449752883,4577,0.7540362438220758,921,3656,70,1423,lightgbm (cpu),14999484.399999999,149994.84399999998
0.04,0.2173076923076923,0.9122098890010091,0.3509998058629392,0.44925864909390445,4160,0.685337726523888,904,3256,87,1823,lightgbm (cpu),14667365.6,146673.656
0.05,0.22923156801661473,0.8910191725529768,0.3646500103241792,0.4930807248764415,3852,0.6345963756177925,883,2969,108,2110,lightgbm (cpu),14464840.2,144648.402
0.06,0.2398101619207147,0.8668012108980827,0.3756833588453969,0.5296540362438221,3582,0.5901153212520593,859,2723,132,2356,lightgbm (cpu),14315628.6,143156.286
0.07,0.24793144208037826,0.8466195761856711,0.38354285714285713,0.5556836902800659,3384,0.557495881383855,839,2545,152,2534,lightgbm (cpu),14218366.6,142183.666
0.08,0.25892011367224504,0.82744702320888,0.3944203944203944,0.585172981878089,3167,0.5217462932454695,820,2347,171,2732,lightgbm (cpu),14096981.0,140969.81
0.09,0.2661990647962592,0.8042381432896064,0.4,0.6060955518945634,2994,0.4932454695222405,797,2197,194,2882,lightgbm (cpu),14039993.799999999,140399.938
0.1,0.2738221749911442,0.7800201816347124,0.40534871525957,0.6263591433278418,2823,0.4650741350906096,773,2050,218,3029,lightgbm (cpu),13990079.2,139900.792
0.11,0.2798801049082053,0.7537840565085772,0.4081967213114754,0.6431630971993411,2669,0.4397034596375618,747,1922,244,3157,lightgbm (cpu),13967348.8,139673.488
0.12,0.2857142857142857,0.722502522704339,0.40949385187303405,0.6598023064250412,2506,0.4128500823723229,716,1790,275,3289,lightgbm (cpu),13960924.399999999,139609.24399999998
0.13,0.2967687074829932,0.7043390514631686,0.4175889919234221,0.6792421746293246,2352,0.3874794069192751,698,1654,293,3425,lightgbm (cpu),13897661.2,138976.612
0.14,0.3069620253164557,0.6851664984863775,0.4239775210739931,0.6960461285008237,2212,0.3644151565074135,679,1533,312,3546,lightgbm (cpu),13853506.6,138535.066
0.15,0.3156881616939365,0.6619576185671039,0.4275008145975888,0.7105436573311368,2078,0.342339373970346,656,1422,335,3657,lightgbm (cpu),13835636.399999999,138356.36399999997
0.16,0.3223684210526316,0.6427850655903128,0.42938995618469833,0.7210873146622735,1976,0.3255354200988468,637,1339,354,3740,lightgbm (cpu),13829595.8,138295.958
0.17,0.3311965811965812,0.6256306760847629,0.43311212015368494,0.7326194398682043,1872,0.3084019769357496,620,1252,371,3827,lightgbm (cpu),13811416.0,138114.16
0.18,0.33784545967287083,0.6044399596367306,0.43342981186685964,0.742009884678748,1773,0.2920922570016474,599,1174,392,3905,lightgbm (cpu),13818517.6,138185.176
0.19,0.34533648170011805,0.5903128153380424,0.43575418994413406,0.7504118616144976,1694,0.2790774299835255,585,1109,406,3970,lightgbm (cpu),13810213.0,138102.13
0.2,0.35143570536828966,0.5681130171543896,0.43424604704974934,0.7583196046128501,1602,0.2639209225700165,563,1039,428,4040,lightgbm (cpu),13829402.2,138294.022
0.21,0.3602115003304693,0.549949545913219,0.4353035143769968,0.7670510708401977,1513,0.24925864909390444,545,968,446,4111,lightgbm (cpu),13831334.0,138313.34
0.22,0.36689655172413793,0.5368314833501514,0.4358869315854158,0.7731466227347611,1450,0.23887973640856672,532,918,459,4161,lightgbm (cpu),13834010.8,138340.108
0.23,0.37380426784400295,0.5126135216952573,0.4323404255319149,0.7802306425041187,1359,0.22388797364085666,508,851,483,4228,lightgbm (cpu),13864336.2,138643.362
0.24,0.38574748257164987,0.5025227043390514,0.4364592462751972,0.7881383855024712,1291,0.2126853377265239,498,793,493,4286,lightgbm (cpu),13846798.2,138467.982
0.25,0.3939144736842105,0.48335015136226034,0.43407340280924334,0.7942339373970346,1216,0.20032948929159802,479,737,512,4342,lightgbm (cpu),13867838.6,138678.386
0.26,0.3993025283347864,0.46215943491422806,0.4284377923292797,0.7986820428336079,1147,0.18896210873146624,458,689,533,4390,lightgbm (cpu),13905030.2,139050.302
0.27,0.4018264840182648,0.4439959636730575,0.4218600191754554,0.8013179571663921,1095,0.18039538714991762,440,655,551,4424,lightgbm (cpu),13944073.0,139440.73
0.28,0.4127290260366442,0.4318869828456105,0.42209072978303747,0.8069192751235584,1037,0.17084019769357495,428,609,563,4470,lightgbm (cpu),13946698.2,139466.982
0.29,0.41513292433537835,0.40968718466195764,0.41239207719654647,0.8093904448105437,978,0.16112026359143328,406,572,585,4507,lightgbm (cpu),13998986.399999999,139989.86399999997
0.3,0.4172972972972973,0.3895055499495459,0.40292275574112735,0.8115321252059308,925,0.15238879736408567,386,539,605,4540,lightgbm (cpu),14047159.4,140471.594
0.31,0.42393736017897093,0.38244197780020184,0.40212201591511937,0.814332784184514,894,0.1472817133443163,379,515,612,4564,lightgbm (cpu),14051532.6,140515.326
0.32,0.43109540636042404,0.3693239152371342,0.3978260869565217,0.8174629324546953,849,0.1398682042833608,366,483,625,4596,lightgbm (cpu),14072263.4,140722.634
0.33,0.435,0.3511604439959637,0.38860971524288107,0.8196046128500823,800,0.13179571663920922,348,452,643,4627,lightgbm (cpu),14114315.2,141143.152
0.34,0.4477211796246649,0.33703329969727547,0.3845710995970063,0.8238879736408566,746,0.12289950576606261,334,412,657,4667,lightgbm (cpu),14131085.6,141310.856
0.35,0.44537815126050423,0.32088799192734613,0.37302052785923756,0.8238879736408566,714,0.11762767710049424,318,396,673,4683,lightgbm (cpu),14180055.2,141800.552
0.36,0.4526627218934911,0.3087790110998991,0.367126574685063,0.8261943986820428,676,0.11136738056013179,306,370,685,4709,lightgbm (cpu),14202740.4,142027.404
0.37,0.44891640866873067,0.29263370332996974,0.354306658521686,0.8258649093904448,646,0.10642504118616145,290,356,701,4723,lightgbm (cpu),14253716.0,142537.16
0.38,0.461038961038961,0.2865792129162462,0.35345364032358434,0.828830313014827,616,0.1014827018121911,284,332,707,4747,lightgbm (cpu),14254025.6,142540.256
0.39,0.4691780821917808,0.27648839556004035,0.34793650793650793,0.8308072487644151,584,0.09621087314662273,274,310,717,4769,lightgbm (cpu),14272595.6,142725.956
0.4,0.47602131438721135,0.2704339051463169,0.34491634491634493,0.8322899505766063,563,0.0927512355848435,268,295,723,4784,lightgbm (cpu),14281932.2,142819.322
0.41,0.48582230623818523,0.2593340060544904,0.3381578947368421,0.8342668863261944,529,0.0871499176276771,257,272,734,4807,lightgbm (cpu),14303562.8,143035.628
0.42,0.4969939879759519,0.25025227043390513,0.33288590604026846,0.8362438220757825,499,0.08220757825370675,248,251,743,4828,lightgbm (cpu),14319072.2,143190.72199999998
0.43,0.5051975051975052,0.24520686175580222,0.33016304347826086,0.8375617792421747,481,0.07924217462932455,243,238,748,4841,lightgbm (cpu),14326351.2,143263.512
0.44,0.5099337748344371,0.2330978809283552,0.31994459833795014,0.8382207578253706,453,0.07462932454695223,231,222,760,4857,lightgbm (cpu),14359066.4,143590.664
0.45,0.5169300225733634,0.23107971745711403,0.3193863319386332,0.8392092257001648,443,0.07298187808896212,229,214,762,4865,lightgbm (cpu),14359169.6,143591.696
0.46,0.5277108433734939,0.2209889001009082,0.31152204836415365,0.8405271828665568,415,0.06836902800658978,219,196,772,4883,lightgbm (cpu),14381751.6,143817.516
0.47,0.5265822784810127,0.20988900100908173,0.30014430014430016,0.8401976935749588,395,0.06507413509060955,208,187,783,4892,lightgbm (cpu),14417424.2,144174.242
0.48,0.5352480417754569,0.20686175580222,0.29839883551673946,0.8411861614497529,383,0.06309719934102141,205,178,786,4901,lightgbm (cpu),14420588.0,144205.88
0.49,0.5327868852459017,0.19677093844601412,0.28739867354458365,0.8406919275123559,366,0.06029654036243822,195,171,796,4908,lightgbm (cpu),14454203.0,144542.03
0.5,0.5380281690140845,0.1927346115035318,0.2838038632986627,0.8411861614497529,355,0.05848434925864909,191,164,800,4915,lightgbm (cpu),14463436.4,144634.364
0.51,0.5368731563421829,0.18365287588294651,0.2736842105263158,0.8408566721581548,339,0.05584843492586491,182,157,809,4922,lightgbm (cpu),14492987.8,144929.878
0.52,0.54858934169279,0.17658930373360243,0.26717557251908397,0.841845140032949,319,0.05255354200988468,175,144,816,4935,lightgbm (cpu),14508394.0,145083.94
0.53,0.5501618122977346,0.1715438950554995,0.26153846153846155,0.841845140032949,309,0.05090609555189456,170,139,821,4940,lightgbm (cpu),14523697.0,145236.97
0.54,0.56,0.16952573158425832,0.26026336173508907,0.842668863261944,300,0.04942339373970346,168,132,823,4947,lightgbm (cpu),14524803.2,145248.032
0.55,0.5659722222222222,0.16448032290615539,0.254886630179828,0.842998352553542,288,0.04744645799011532,163,125,828,4954,lightgbm (cpu),14538100.2,145381.00199999998
0.56,0.5888888888888889,0.16044399596367306,0.2521808088818398,0.8446457990115321,270,0.044481054365733116,159,111,832,4968,lightgbm (cpu),14540312.6,145403.126
0.57,0.5873015873015873,0.14934409687184663,0.23813354786806115,0.8439868204283361,252,0.041515650741350905,148,104,843,4975,lightgbm (cpu),14577991.2,145779.91199999998
0.58,0.5892116182572614,0.1432896064581231,0.2305194805194805,0.8438220757825371,241,0.03970345963756178,142,99,849,4980,lightgbm (cpu),14597357.8,145973.578
0.59,0.5956521739130435,0.13824419778002017,0.2244062244062244,0.8439868204283361,230,0.03789126853377265,137,93,854,4986,lightgbm (cpu),14611657.8,146116.578
0.6,0.586046511627907,0.12714429868819374,0.208955223880597,0.842833607907743,215,0.03542009884678748,126,89,865,4990,lightgbm (cpu),14652345.4,146523.454
0.61,0.5870646766169154,0.11907164480322906,0.19798657718120805,0.8425041186161449,201,0.03311367380560132,118,83,873,4996,lightgbm (cpu),14678836.2,146788.362
0.62,0.59375,0.11503531786074672,0.19273034657650043,0.842668863261944,192,0.031630971993410216,114,78,877,5001,lightgbm (cpu),14690075.6,146900.756
0.63,0.5977653631284916,0.10797174571140263,0.1829059829059829,0.8425041186161449,179,0.029489291598023066,107,72,884,5007,lightgbm (cpu),14712502.8,147125.02800000002
0.64,0.6035502958579881,0.1029263370332997,0.17586206896551723,0.8425041186161449,169,0.027841845140032948,102,67,889,5012,lightgbm (cpu),14727805.8,147278.05800000002
0.65,0.5949367088607594,0.09485368314833502,0.16362053959965187,0.8416803953871499,158,0.026029654036243823,94,64,897,5015,lightgbm (cpu),14757305.6,147573.05599999998
0.66,0.5945945945945946,0.08879919273461151,0.15452151009657594,0.8413509060955519,148,0.02438220757825371,88,60,903,5019,lightgbm (cpu),14777675.2,147776.75199999998
0.67,0.6,0.08476286579212916,0.14854111405835543,0.8413509060955519,140,0.023064250411861616,84,56,907,5023,lightgbm (cpu),14789917.6,147899.176
0.68,0.6044776119402985,0.08173562058526741,0.144,0.8413509060955519,134,0.022075782537067545,81,53,910,5026,lightgbm (cpu),14799099.4,147990.994
0.69,0.6209677419354839,0.07769929364278506,0.13811659192825113,0.8416803953871499,124,0.02042833607907743,77,47,914,5032,lightgbm (cpu),14809335.8,148093.358
0.7,0.6173913043478261,0.07164480322906155,0.12839059674502712,0.8411861614497529,115,0.018945634266886325,71,44,920,5035,lightgbm (cpu),14830708.4,148307.084
0.71,0.6018518518518519,0.06559031281533804,0.11828935395814377,0.8403624382207578,108,0.017792421746293245,65,43,926,5036,lightgbm (cpu),14854087.0,148540.87
0.72,0.5959595959595959,0.05953582240161453,0.10825688073394496,0.8398682042833608,99,0.016309719934102143,59,40,932,5039,lightgbm (cpu),14875459.6,148754.596
0.73,0.5934065934065934,0.054490413723511606,0.09981515711645102,0.8395387149917628,91,0.014991762767710049,54,37,937,5042,lightgbm (cpu),14892768.6,148927.686
0.74,0.6046511627906976,0.05247225025227043,0.09656453110492108,0.8397034596375618,86,0.014168039538714991,52,34,939,5045,lightgbm (cpu),14897886.8,148978.86800000002
0.75,0.6410256410256411,0.050454086781029264,0.09354536950420954,0.8403624382207578,78,0.012850082372322899,50,28,941,5051,lightgbm (cpu),14899996.0,148999.96
0.76,0.6571428571428571,0.04641775983854692,0.08671065032987747,0.8403624382207578,70,0.011532125205930808,46,24,945,5055,lightgbm (cpu),14912238.4,149122.384
0.77,0.6615384615384615,0.04339051463168517,0.08143939393939394,0.8401976935749588,65,0.01070840197693575,43,22,948,5057,lightgbm (cpu),14922423.2,149224.232
0.78,0.639344262295082,0.039354187689202826,0.0741444866920152,0.8395387149917628,61,0.010049423393739704,39,22,952,5057,lightgbm (cpu),14938677.6,149386.77599999998
0.79,0.66,0.033299697275479316,0.06340057636887608,0.8393739703459637,50,0.008237232289950576,33,17,958,5062,lightgbm (cpu),14958044.2,149580.44199999998
0.8,0.6904761904761905,0.029263370332996974,0.05614714424007745,0.8393739703459637,42,0.0069192751235584845,29,13,962,5066,lightgbm (cpu),14970286.6,149702.866
0.81,0.7297297297297297,0.027245206861755803,0.05252918287937743,0.8395387149917628,37,0.006095551894563427,27,10,964,5069,lightgbm (cpu),14975404.8,149754.048
0.82,0.7058823529411765,0.024217961654894045,0.04682926829268293,0.8390444810543657,34,0.005601317957166392,24,10,967,5069,lightgbm (cpu),14987595.6,149875.956
0.83,0.7,0.02119071644803229,0.04113614103819784,0.8387149917627678,30,0.004942339373970346,21,9,970,5070,lightgbm (cpu),14998783.4,149987.834
0.84,0.7272727272727273,0.016145307769929364,0.0315893385982231,0.8383855024711697,22,0.003624382207578254,16,6,975,5073,lightgbm (cpu),15016092.4,150160.924
0.85,0.6842105263157895,0.013118062563067608,0.02574257425742574,0.8378912685337726,19,0.003130148270181219,13,6,978,5073,lightgbm (cpu),15028283.2,150282.832
0.86,0.6428571428571429,0.009081735620585268,0.01791044776119403,0.8373970345963756,14,0.0023064250411861617,9,5,982,5074,lightgbm (cpu),15043534.6,150435.346
0.87,0.6153846153846154,0.008072653884964682,0.01593625498007968,0.8372322899505766,13,0.00214168039538715,8,5,983,5074,lightgbm (cpu),15047598.2,150475.982
0.88,0.6666666666666666,0.008072653884964682,0.015952143569292122,0.8373970345963756,12,0.0019769357495881385,8,4,983,5075,lightgbm (cpu),15046595.2,150465.952
0.89,0.5,0.0020181634712411706,0.004020100502512563,0.8367380560131795,4,0.0006589785831960461,2,2,989,5077,lightgbm (cpu),15068970.8,150689.708
0.9,0.3333333333333333,0.0010090817356205853,0.002012072434607646,0.8365733113673806,3,0.0004942339373970346,1,2,990,5077,lightgbm (cpu),15073034.4,150730.344
0.91,0.0,0.0,0.0,0.8364085667215816,2,0.00032948929159802305,0,2,991,5077,lightgbm (cpu),15077098.0,150770.98
0.92,0.0,0.0,0.0,0.8365733113673806,1,0.00016474464579901152,0,1,991,5078,lightgbm (cpu),15076095.0,150760.95
0.93,0.0,0.0,0.0,0.8367380560131795,0,0.0,0,0,991,5079,lightgbm (cpu),15075092.0,150750.92
0.94,0.0,0.0,0.0,0.8367380560131795,0,0.0,0,0,991,5079,lightgbm (cpu),15075092.0,150750.92
0.95,0.0,0.0,0.0,0.8367380560131795,0,0.0,0,0,991,5079,lightgbm (cpu),15075092.0,150750.92
0.96,0.0,0.0,0.0,0.8367380560131795,0,0.0,0,0,991,5079,lightgbm (cpu),15075092.0,150750.92
0.97,0.0,0.0,0.0,0.8367380560131795,0,0.0,0,0,991,5079,lightgbm (cpu),15075092.0,150750.92
0.98,0.0,0.0,0.0,0.8367380560131795,0,0.0,0,0,991,5079,lightgbm (cpu),15075092.0,150750.92
0.99,0.0,0.0,0.0,0.8367380560131795,0,0.0,0,0,991,5079,lightgbm (cpu),15075092.0,150750.92
